user_id,first_name,last_name,email,password_hash,role,created_at,account_status
1,Alexandra,Walker,mbarry@example.com,0f4f1d0b3b3f9dc719ef8de62557fa9689c82be6ff70f7e6dbe6956ba092b3a4,seller,2026-01-19T08:55:27.706224,suspended
2,David,Green,bishopstacey@example.com,78172265b856fee7be8b7a773f4acd7f2a4013e422e84c2bc63181b462dd7a0b,seller,2026-01-08T00:12:18.048441,active
3,Shelley,Anderson,gabrielleryan@example.org,99433c2dbf59b05e9d555dc92a7667556e00c520436d2f191eb88dcb98cf669e,seller,2026-03-01T08:03:56.446130,active
4,Michelle,Espinoza,imorrison@example.net,c9c46347155a09b215d987948e56df7a2bb14b96830e42ee6977e56874a8b505,seller,2026-01-28T07:41:29.553110,active
5,Maria,Rice,jcarter@example.net,cc11116dd7acd386f22cf86d6a5b866a5757823b6c4c16f2711ac61bf292ceb9,seller,2026-03-28T18:08:48.981510,active
6,Henry,Owens,melissahinton@example.com,479fa764f8783ec66d8b6271b6c041b3182255e612baa9c564694c8dddb4bf25,seller,2026-01-05T15:34:04.470642,suspended
7,Nicole,Nguyen,pshaw@example.com,6e165041090b92875a98aeb2f63d6f3211cbb8c17ba6cd007a3325f3bf813e87,seller,2026-02-18T02:15:59.600272,suspended
8,Aaron,Smith,warnerlisa@example.com,3aa0139e64847ad1d6e0bac6bd9b45c6fad0b4f190a466333abfefad3f2fa8af,seller,2026-03-08T04:09:33.330662,suspended
9,Ronald,Martin,jamesjerry@example.com,754792f99f3b0a2ef94bee69a59c2777e05281b0dd06670bc4cfda7a45116fff,seller,2026-02-10T00:03:19.743214,active
10,Grace,Cruz,jimmysimpson@example.com,6da1db25fa8f5ecb56a614c0cd3eb47dc2c532bba1a5bdc393cf00f02e012f7e,seller,2026-03-24T23:14:53.593930,inactive
11,Andrea,Williams,annemoore@example.net,41366e658b03514b5f33f7b9c26e4a0873bb9a260f4360c435587dd215725e3a,seller,2026-02-28T12:32:34.434788,suspended
12,Daniel,Marshall,ecarter@example.org,3d501179ec81386271adb0eb3a363c54309766422eb76f5ab33bc7e7de2d3ae5,seller,2026-01-20T08:35:48.341680,active
13,Andrew,Snyder,mwilliams@example.net,491cda2e44c4367581cdbc6875dcd89630f141bedd7b18b435c3ceaff647c62b,seller,2026-02-15T17:43:24.546963,suspended
14,Mariah,Ross,katherine06@example.net,b9ed7644da2148ae4846f3fb2f6caa7345c77e06e1ab3104ba348b5c5b428fca,seller,2026-02-26T06:13:05.851782,suspended
15,Julia,Garcia,villanuevakevin@example.com,fcffe64d0627cb119dbca8553ada7f045847358a8a19032855bffbd3860cd35b,seller,2026-01-28T17:43:50.691465,active
16,Robert,Nguyen,robert86@example.org,63fb6ce5790223b689d5dd2509d9e588b3cdf6705a98ab4d6908fbe3afc3d41c,seller,2026-03-20T18:46:01.335727,suspended
17,Cristian,Marshall,burnettmichaela@example.net,4df48926153b79d480d4e71946eab6db044584f017c8c8c254a440390f3f1563,seller,2026-02-12T05:58:46.592826,active
18,Amber,Esparza,floresnatasha@example.net,7a1b4b2eeb4b2a4c18b981cee4257d870741801bc69256e7982cee9f410b01c6,seller,2026-02-21T11:10:03.820703,active
19,Mark,Carter,rojaskenneth@example.net,9a76080435b93116c04ca729548a2f117b49b145dc6e79ce69293f194b6eceeb,seller,2026-03-05T12:23:44.480180,inactive
20,Ryan,Lawson,yateskenneth@example.net,90d825af6fc013fe8cf7dc92c831b67b55251fbf2df714e3766b658dd8a6ef7f,seller,2026-02-10T07:57:54.560960,inactive
21,Erin,Rodriguez,qmitchell@example.com,65dc6dfb71dfee60df32bda479de0c83897191285a9f7a7939bbee59db719b4c,seller,2026-02-01T04:29:43.705570,inactive
22,Jasmin,Garza,edwinchen@example.org,06f51501e0d52bba978a108fd09cd33cf163fc6c588162074897a67d7324cb69,seller,2026-03-21T06:04:34.555202,suspended
23,Casey,Bowers,grayanna@example.org,f615b4d05d69b001e5c19a35496dfc2f974658c66f8459e8c962f0539ba9491e,seller,2026-03-12T13:04:33.321762,suspended
24,Morgan,Henderson,tammybaker@example.com,d9e138ae9c64da03cc848a001e9000b6f4fbc2918da08e27645300a02236916d,seller,2026-01-31T09:09:36.963728,suspended
25,Cathy,Clay,olsenmelissa@example.org,879b9162c413812a0178747a0e9588f43c03e57b9972ba605db32f1979195a5d,seller,2026-02-04T15:00:42.336859,suspended
26,Shawna,Smith,fblack@example.net,73faad3d87c117b885bf7d2969ab9272ee4a82bd97a90cb0dab2979b147655f6,seller,2026-01-17T10:24:10.802863,suspended
27,Angel,Hughes,bridget10@example.net,e69db5a814a95efac1c8b428d9bb206f23b00fe852e5de85945ecb21d0fb0a7a,seller,2026-03-05T11:14:57.820793,active
28,Jessica,Allen,jason67@example.org,2a8815b7c32b1f67fb9c26f47426d5e9625a79e726380dde51b0c3235e8bbc14,seller,2026-01-22T00:29:34.711082,suspended
29,Travis,Arroyo,cchapman@example.org,9cfd41d2f3ae3afd0247cb4f5478bf27cc3c1f1cc7f0585f86c33554174ec449,seller,2026-02-26T04:57:58.907921,inactive
30,Daniel,Dickson,robertwalsh@example.net,bd276f3ad992d80353776db3cbe0c0e79fc41a3406a3a87fb5dd96dfa6fea4c3,seller,2026-03-26T23:14:08.017167,inactive
31,Alexander,,josemills@example.net,7b6c75cb219266b0391b5fa63567b5d4e6b1788c2747116935d6d57188cf99c6,seller,2026-01-11T23:29:47.080656,inactive
32,Donna,Bright,vsanders@example.com,77164082952a0f09e9856cda8f9d45ac14c53e3535e2c392787279eca904b4a7,seller,2026-02-22T10:45:46.467622,active
33,Cameron,Richardson,qwilson@example.org,0afd36e17471953aee2e5f0b75b6ba2c6e2182ded87222439162d33d8c5eb754,seller,2026-03-06T01:20:09.398502,inactive
34,Marie,Elliott,michael01@example.com,62eaa890f02b32183f6ca302ad6c2723cfa0a45779073b2dc82905a0a7fbab30,seller,2026-02-17T01:55:37.341480,active
35,Edward,Hull,tommybradshaw@example.com,f46987dc37a0fc72e6e7cf58a77b4ec28a14dcc42ffd40515bc74dc6e81ae3e5,seller,2026-01-09T15:41:38.734798,inactive
36,Stephanie,Edwards,seansnyder@example.org,b60904d193a84a47b174f75ffc0f43cca40cebe2197fef9562b187b6bfd2cf16,seller,2026-03-04T01:05:56.363650,inactive
37,Alexander,,charlespatel@example.com,4e846a0901d4b34acdbfa10704c0774fa52b341a7f010d170ec7582f37952887,seller,2026-03-17T14:34:40.892469,inactive
38,Nicole,,wilsonmelissa@example.net,8d48c74f2d9deacc255c1b3cd466ec38fc4cf8582c7105763a37ab9846976dd0,seller,2026-01-20T21:35:23.612176,active
39,Phillip,,fshelton@example.net,c559e9620654295f2855aa866ce1ec54ef21d5473a4a11f1eb666105dec1ba9a,seller,2026-03-16T18:36:06.559550,active
40,Ronald,Howard,annapeterson@example.net,505f8bf843de3c2b76982d9fecaed756898788563110190b7e098517c44c26f8,seller,2026-03-02T22:11:18.296543,inactive
41,Linda,Scott,henrynguyen@example.org,f274653f4a95c677e5bd9cf41a37f753ff741870186d98243010c867487c3c64,buyer,2026-03-20T02:11:50.745023,inactive
42,Steven,Lee,seansingleton@example.net,0075dbdbcceca230e46a4458f2244fd59abd4227f539e556a96a55c099b19a43,buyer,2026-01-12T18:03:32.521533,active
43,Tina,,jasminrogers@example.com,e676b8791cf890ae69288aa072740a0175c3f6284059ebc8fb3f49281a4ff83b,buyer,2026-01-22T21:49:00.770782,suspended
44,Tyler,Black,michaelsavage@example.com,48754b0f4063c2d4ab226aad1dc6cf888805978484232098280f1844583297eb,buyer,2026-03-12T02:41:55.825123,suspended
45,Christopher,Eaton,williamlawrence@example.com,4a46ccb55e98a88cfc6312d5f4ac4c3360785459f5fc9e2394b320840df393e0,buyer,2026-02-01T16:18:38.542672,suspended
46,Jesse,Carter,ghall@example.org,9498c8fd891068bee73bef88118d7189b34a71d4de0a2fdd7afd4574f5d22d3e,buyer,2026-01-14T13:35:48.479568,inactive
47,Anna,Reyes,rebecca37@example.org,135a0c0f5d91372eeaa39c6804f62d453729b817fae2d826b00454bfef8fd066,buyer,2026-02-10T18:23:01.089153,active
48,Kevin,Joseph,wrightalexis@example.com,3924c9164273ce496d00402f43a9d007db4fc21fc316a86a9f9ab32fd7551c69,buyer,2026-01-13T21:32:06.592406,inactive
49,Christina,Kelly,lsnyder@example.net,3e014f06c4668d1558d8b143111d4213f8e88a6fce4715ccf38cdb5d6a86485a,buyer,2026-01-14T12:41:13.277167,
50,Katherine,Gomez,sandersandrew@example.net,172378f09f20d5b239001c0fee118c1e4abdd9d2f97520ae700c883cd8fd23a9,buyer,2026-03-23T20:03:59.995722,inactive
51,Michael,Hamilton,ebridges@example.net,6a9fe1cbc389a6ed30719026f117dc43010e445c1d4e1d4da4cbd3c254685d3b,buyer,2026-03-11T19:07:08.410893,inactive
52,Wendy,Rivera,zenglish@example.org,77ab80d58ad876b9530646db3cc7526185da32c277a3e443e2a96e9174fa4a76,buyer,2026-03-08T20:41:21.197969,inactive
53,Brenda,Morgan,jamesboone@example.org,7f523d45c13ba8765542eafaa6003b7017dbb51bf3984782919e1fc7db6b5989,buyer,2026-03-02T23:39:29.477503,active
54,Evan,Clark,randy96@example.org,43417c11443738230751d904cedb587149e88f94b814d06f4fb185725d1e41ad,buyer,2026-01-10T10:05:09.381269,suspended
55,Kenneth,Gill,christopher17@example.net,a21f666f62fe1fd4c266b06c3f63c5c47b91ca244c67964fc35649ecc28de156,buyer,2026-03-22T20:00:56.605989,inactive
56,Bryan,Lang,reesegina@example.org,4f9bed7d3a18e4c0fec501a230750c4875b67a23c4b1ac0f6f5514c2e08c0987,buyer,2026-01-29T23:17:33.938313,active
57,Tara,Johnson,christopherjohnson@example.org,69757e198958e57208887eb6a5ce5b97a03c1bc34903f01470076f02787d1afa,buyer,2026-03-15T03:49:37.392687,suspended
58,Kristin,Davis,andrew04@example.net,8427b739ec1e79f68deadace334138b4bc51e6bd7589bc6dbe95ad49237593d9,buyer,2026-02-03T03:39:07.142097,active
59,Bradley,,jasmineallen@example.org,c15d16463fda0b60dca5e78be249d519740f65e9544290143daba9ce78e50263,buyer,2026-03-03T17:08:59.958245,suspended
60,Nathaniel,Stewart,john32@example.com,cc723128e76a628d05c5a2c44489acac70a4aa873033414255e4ab788ccd91e0,buyer,2026-03-10T04:17:55.528891,active
61,Mark,Waters,alynn@example.com,bbb4abe30802d50360a15de0ff3220414ab14a49df73d1268e8ffc533872480a,buyer,2026-01-08T14:30:40.025140,active
62,Kim,Anderson,bonnie34@example.com,4c1d0e8c04513dc26c45fbdf7ef70f1a831fc548155f7904cd8376f04a11829d,buyer,2026-03-25T04:31:39.847843,suspended
63,Mark,Henson,kennethjones@example.net,f291ad6429723a3454bb2c58235dfa079fab776634fcd7632815df07450184b9,buyer,2026-01-09T14:59:03.766525,
64,Monica,Jenkins,ronaldwilliams@example.org,a750f065a3ab99da236c814bf46f046a3f37316be5c5200a536ff2ad9705c09e,buyer,2026-03-22T00:35:17.252717,suspended
65,Jodi,Mahoney,lunakim@example.net,cd0c7a128027d454ae516e932622aa208f6880a8b3aa8d803f5e96d0e144f02c,buyer,2026-02-05T09:31:34.894697,active
66,Michelle,Kelly,matthewsandrea@example.com,46be6dd5af8ba9b3ebd6ab164f40bbcf7869acbc2d43128ade879a753ecaf527,buyer,2026-03-26T23:58:47.986899,suspended
67,Cynthia,Jordan,cunninghamdebra@example.org,affea20e3813ecf0c36480597d3a2e7eb4b8f4b2f64a364b464cd231d4fe51c0,buyer,2026-01-25T21:23:39.345592,suspended
68,Cody,Williams,raymond00@example.org,1bde8bba2a799714dd03ef625ad1eb304f8f732884179c4703c32a0acf88da30,buyer,2026-03-20T09:33:58.317753,inactive
69,Kelly,Smith,brooksstephanie@example.net,9ca73a1079324e4f454035ed842781ea6c15d11e70fc7cf622a0a59f01b77152,buyer,2026-02-16T06:43:56.864837,
70,Elaine,Roberts,mirandanicholas@example.org,ed9d9f55101a447ee0007716972dbd4a1fafaf780a92c4f086d7c3c1d9ee752d,buyer,2026-03-12T18:02:26.254897,suspended
71,Denise,Haney,kevinmcgrath@example.net,cfdec7814dab9d2271674ce0aab0521a19627ecf0afc433a25f4142268c5756e,buyer,2026-01-21T21:47:25.295557,inactive
72,Christopher,Torres,mooredennis@example.net,3262916094522d309883b9f774c19471781974687d2020c9806d5268f2040174,buyer,2026-03-07T20:03:10.568362,active
73,Jessica,,kirstenanderson@example.org,239a9a15eecce38550c1ae59f4022a8ca104d3339d0ef58bd0a27c0b241cd81f,buyer,2026-01-08T05:54:30.734142,inactive
74,Kenneth,Lewis,patrickhart@example.net,49cd0c3439ccda65aa67bd9d240c013bdedd2e207db58739e4dda0fe99aff488,buyer,2026-03-02T06:02:34.079938,suspended
75,Karen,Higgins,holtmelinda@example.net,59029fce0326f49d3b74f40040834702cfd7159f6c2caa7fd94e6228eb9eaafc,buyer,2026-01-13T15:05:28.782887,suspended
76,Shane,White,gregoryclark@example.org,36333a021e1c922e1a9cb4dc9cd236c78458eb54964c2e940fa2cc2b82f120bf,buyer,2026-01-30T13:38:04.534108,
77,Nancy,White,keith34@example.net,03c4b6760580e8d37272c93a44f4a3820aaefe9b31bb6dad7fecfbc3f53ae985,buyer,2026-01-05T08:23:12.212204,suspended
78,Joshua,Martin,xcline@example.net,91ea65aa33ab3409bb636a6d5719b1094d9f45e99cb54bef07cf058da2f9bf91,buyer,2026-03-22T00:24:38.603477,inactive
79,Julie,Shaffer,john75@example.org,7fee666c355360e4e75c4cfeeaf1ad752ec61558147ad9eed0b6390bb8b92c59,buyer,2026-03-07T18:51:31.977064,inactive
80,Laura,Carrillo,parkeranthony@example.org,800cee1b4bb86a26a7e9e256dad81d5ba1021228e0237587f60139f67c2a9a58,buyer,2026-03-07T19:30:39.523666,active
81,Amber,Martinez,espinozablake@example.org,dce2424125be8a41b0437733c92d4c515ca3dcf8ab47e263bd1e50c2e65e877a,buyer,2026-01-30T07:32:28.786639,active
82,Katherine,Blake,kendrahunter@example.net,7f17546aa80bb353349f0c269e461ac063b1ac9659f83d0c6a1855b7a4000be5,buyer,2026-01-30T06:52:40.822984,inactive
83,Erika,Marks,pbuck@example.org,06c72c64382701f690d1a445fb0365378a635b3d6f64ef5709ff986591b2e3a8,buyer,2026-01-24T14:51:40.376024,active
84,Wanda,Martinez,carrrobert@example.net,d208c55ba1ba55e5c5925e03d624658b5e44b984000d491481ab292b2ded2192,buyer,2026-02-22T05:51:24.449500,inactive
85,Jeremy,Adams,sophia03@example.com,a440c33d1385155991afff7a36409683d816ca91c1d4513d9fc8eaaa33603908,buyer,2026-02-10T23:30:25.930645,active
86,Joshua,Freeman,nicolas48@example.org,3bad8f2cab964cc1a416760c8a65263c080e866dfe4fe5e8d889862405968c94,buyer,2026-03-11T07:34:31.294030,
87,William,Jones,jared92@example.net,122c75b8cbb45cc098ad4a04708f9b815b7bfbaded8ba82acc285cfad28c09c6,buyer,2026-02-07T15:59:08.901985,inactive
88,Katherine,,kwhitney@example.net,37bd561913c8a45211eebe4f9d7586d31fc95ed77332e114e06da271e5592294,buyer,2026-02-15T09:33:47.191049,active
89,Leah,Smith,steven82@example.net,56e2468e9ec0e2bf5ed57b0b72cb291ba883b1b546b81ad116e1d523e080f15c,buyer,2026-03-10T12:55:50.376356,
90,Jennifer,Young,pmiller@example.com,d4f3516525f079671bb6f4571c6afa40555052414c0b50ad2fc8cc8da185468d,buyer,2026-02-07T03:19:23.580828,suspended
91,Michelle,Jones,katelyncurry@example.org,5c6b9465110dcdc7f933a95b353af81003376bfcfd6b4a8816fa53f4ddfa969e,buyer,2026-02-18T19:55:49.410749,
92,Andrea,Miller,samanthafox@example.net,ebe429dbbb3878ab6b88d434f2c08a2f6b42a81bee76ea6ae3b1034d798db234,buyer,2026-02-09T01:24:20.897278,suspended
93,Kristi,Andrews,mark38@example.org,d5feae5729bc204af739526d48d33597122397b21552f7527115f81678fce799,buyer,2026-02-02T10:01:02.309057,suspended
94,Stephen,Baker,williamturner@example.com,06ac592861f232f65c86a23c985b21dd731360ab1b53dab347dbfa1d90e7a490,buyer,2026-01-14T09:13:52.789475,inactive
95,Anthony,Jordan,salazartanner@example.net,a7a20d9c7fdb0a7b008adabcb150851f55d608fabe87472f1d335c1bb3c34ec5,buyer,2026-02-18T08:59:15.301505,suspended
96,Laurie,Garcia,qhunt@example.org,f039e6959c730287e898c96e44d69044492106d8631d49a7903bcd260020e343,buyer,2026-01-19T22:38:23.219139,
97,Jeffrey,Wilson,hawkinsgrace@example.com,e371e771df30ca93c8e6dc262e05fcc03e3b2d137d2332b5b674788d050bdd4e,buyer,2026-02-19T13:27:55.680080,active
98,Christie,,thompsonricky@example.net,10415eb38a5c7dd90f243d4a46222044fe2b9227389938306e9a5949a8f67492,buyer,2026-03-08T04:20:17.319798,inactive
99,James,King,brian35@example.com,bf94c5b78d124151bcecf42f757c2031044bc2d7f58bf7a7e8e44d0ba0fae4b5,buyer,2026-02-02T17:11:22.491644,inactive
100,Jacqueline,Shaw,spencer07@example.org,da62033e0e3b16a48742d0f3922efa66e09fff1872f8fa2247f0066ab32bcc59,buyer,2026-02-12T14:25:11.348530,active
